01,02,03,04,05,06,07,08,09,10,11,12,13,14,15,16,17,18,19,21,22,23,24,25,26,27,28,29,2A,2B,30,31,32,33,34,35,36,37,38,39,40,41,42,43,44,45,46,47,48,49,50,51,52,53,54,55,56,57,58,59,60,61,62,63,64,65,66,67,68,69,70,71,72,73,74,75,76,77,78,79,80,81,82,83,84,85,86,87,88,89,90,91,92,93,94,95,971,972,973,974,976,date,age,daily,nb_cases
0,0,0,0,0,0,0,0,0,0,0,0,0,0,0,0,0,0,0,0,0,0,0,0,0,0,0,0,0,0,0,0,0,0,0,0,0,0,0,0,0,0,0,0,0,1,0,0,0,0,0,0,0,0,0,0,0,0,0,0,0,0,0,0,0,0,0,1,2,0,0,0,0,0,0,1,0,0,0,0,0,0,0,0,0,0,0,0,0,0,0,0,2,0,0,1,0,0,0,0,0,2020-03-10,66.625,8,101343
0,0,0,0,0,0,0,0,0,0,0,0,0,0,0,0,0,0,0,0,0,0,0,0,0,0,0,1,0,0,0,0,0,0,0,0,0,0,0,0,0,0,0,0,0,0,0,0,0,0,0,0,0,0,0,0,0,1,0,0,0,0,0,0,0,0,0,0,3,0,0,0,0,0,0,2,0,0,0,0,0,0,0,0,0,0,0,0,0,0,0,1,1,1,0,6,0,0,0,0,0,2020-03-11,44.875,16,101359
0,0,0,0,0,0,0,0,0,0,0,0,0,0,0,0,0,0,0,0,0,0,0,0,1,0,2,0,0,0,0,0,0,0,0,0,0,0,0,0,0,0,0,0,0,0,0,0,0,0,0,0,0,0,0,0,0,2,0,0,0,0,0,0,0,1,0,0,5,0,0,0,0,0,0,3,0,2,1,0,0,0,0,0,0,0,0,0,0,0,0,0,4,0,0,12,0,0,0,0,0,2020-03-12,58.68181818181818,33,101392
0,0,0,0,0,0,0,0,0,0,0,0,0,0,0,0,0,0,0,0,0,0,0,0,0,0,1,0,0,0,0,0,0,0,0,0,0,0,0,0,0,0,0,0,0,0,0,0,0,0,0,0,0,0,0,0,0,0,0,0,0,1,1,0,0,0,0,0,5,1,0,0,0,0,2,4,0,0,10,0,1,0,0,0,0,0,0,0,0,0,0,7,6,2,0,20,0,0,0,0,0,2020-03-13,49.07377049180328,61,101453
0,0,0,0,0,0,0,0,0,0,0,0,0,0,0,0,0,0,0,0,0,0,0,0,0,0,0,0,0,0,0,0,0,0,0,0,0,0,0,0,0,0,0,0,0,0,0,0,0,0,0,0,0,0,0,0,0,0,0,1,0,0,0,0,0,0,0,0,4,0,0,0,0,0,0,13,0,0,4,0,0,0,0,1,0,0,0,0,0,0,0,6,6,1,0,18,0,0,0,0,0,2020-03-14,51.22222222222222,54,101507
0,0,0,0,0,0,0,0,0,0,0,0,1,1,0,0,0,0,0,0,0,0,0,1,0,0,0,0,0,0,0,0,0,0,0,0,0,0,0,0,0,0,0,0,0,0,0,0,0,0,0,0,0,0,0,0,0,0,0,0,0,0,0,0,0,0,0,0,2,0,0,0,0,0,0,13,0,0,1,0,0,0,0,0,0,0,0,0,0,0,0,7,4,3,2,14,0,0,0,0,0,2020-03-15,48.89795918367347,49,101556
4,0,0,0,0,3,0,0,0,1,0,0,3,0,0,0,0,0,0,0,0,0,0,0,0,0,1,0,0,0,1,3,0,2,4,0,1,0,0,0,0,0,0,0,0,2,0,0,0,0,0,0,0,0,2,0,0,1,0,0,2,0,0,0,4,0,0,0,3,1,1,0,0,0,11,29,0,1,11,0,5,0,0,0,0,0,1,0,0,0,0,13,15,17,1,52,0,0,0,0,0,2020-03-16,53.05641025641026,195,101751
4,0,0,0,0,5,0,0,0,1,1,0,2,0,0,0,0,0,0,1,0,0,1,0,0,0,0,0,0,0,0,3,0,5,6,0,0,0,0,1,1,0,0,0,2,1,1,0,0,1,0,1,1,0,1,0,0,5,0,0,4,0,0,0,3,0,0,0,6,1,3,1,0,0,4,45,0,8,11,0,1,0,0,0,0,0,0,0,1,0,0,15,21,11,3,38,1,0,0,0,0,2020-03-17,51.952488687782804,221,101972
8,2,0,0,0,4,16,0,0,0,2,0,17,1,0,0,0,0,0,0,0,0,0,0,3,1,0,1,0,0,1,4,2,5,19,0,0,0,5,0,0,0,0,0,0,0,0,0,0,0,0,0,0,0,2,0,0,6,0,0,4,1,0,1,4,0,0,0,16,8,5,0,0,1,13,75,1,8,9,0,1,0,0,4,0,0,0,0,0,3,0,24,22,35,5,51,0,0,0,0,0,2020-03-18,51.69615384615385,390,102362
13,1,0,0,0,7,8,0,2,0,4,1,22,1,0,0,0,3,0,0,0,0,0,0,6,0,5,1,0,0,1,10,1,6,23,0,0,2,13,0,0,1,0,1,0,3,0,0,0,2,1,3,0,0,3,0,0,2,1,0,6,2,1,2,4,0,0,3,21,24,6,2,0,1,16,83,2,14,4,0,8,0,3,4,2,1,0,0,4,2,1,39,30,23,14,54,0,0,0,0,0,2020-03-19,52.94072657743786,523,102885
9,4,0,0,0,5,9,1,0,5,1,0,24,4,0,0,3,5,0,4,0,0,1,1,10,3,0,0,0,0,2,9,5,6,41,0,0,1,16,0,0,2,0,1,1,2,0,0,0,1,2,2,2,0,1,0,0,2,0,6,5,3,1,6,0,1,0,1,25,28,3,2,1,1,25,91,3,11,18,0,3,0,1,11,6,0,1,1,2,1,2,41,62,55,15,84,0,0,0,0,0,2020-03-20,55.95577746077033,701,103586
1,0,0,0,0,0,1,0,0,0,1,0,7,0,0,0,1,5,0,1,0,0,0,0,0,1,1,0,0,0,1,1,1,0,8,0,2,0,0,0,0,1,0,0,1,2,0,0,0,0,1,0,0,0,0,1,0,1,0,1,5,1,0,1,2,0,0,0,0,1,4,1,0,0,4,65,3,2,7,0,1,1,0,3,1,0,0,1,2,2,0,23,17,27,12,38,0,0,0,0,0,2020-03-21,50.57007575757576,264,103850
0,0,0,0,0,0,0,0,0,0,0,0,3,0,0,0,0,5,0,0,0,0,0,0,0,1,0,0,0,0,1,1,0,1,16,0,0,0,0,0,0,0,0,0,1,0,0,0,1,0,0,0,0,0,0,0,0,0,0,0,4,0,0,0,4,0,0,0,4,7,0,0,0,0,2,63,1,7,3,0,2,0,0,0,1,0,0,0,0,0,0,22,17,26,5,52,0,0,0,0,0,2020-03-22,52.93,250,104100
9,1,0,1,0,2,5,3,0,7,10,1,131,13,0,0,0,5,1,4,0,0,0,5,10,3,16,0,0,0,3,5,2,21,72,1,7,7,12,2,1,3,0,2,3,11,0,0,0,0,4,6,0,0,3,0,0,6,2,4,32,2,3,8,7,6,2,5,4,10,18,3,0,3,36,167,18,35,38,0,12,0,4,23,7,1,2,2,8,7,0,72,113,95,38,97,0,1,0,0,0,2020-03-23,52.10444271239283,1283,105383
2,9,0,1,0,11,4,0,0,7,10,0,171,16,2,0,6,13,0,8,0,0,4,5,16,6,15,1,0,0,6,15,1,19,72,1,5,7,18,4,0,8,2,0,0,13,0,0,0,0,8,16,2,0,11,5,0,13,1,13,38,4,9,4,6,0,0,9,22,11,12,6,0,2,36,140,18,28,32,0,12,2,3,19,15,1,3,3,27,1,6,52,115,71,31,93,0,0,0,0,0,2020-03-24,54.10123367198839,1378,106761
3,3,1,3,0,10,3,1,0,19,7,0,159,6,0,2,4,19,1,2,0,0,2,20,3,11,16,0,0,0,6,10,5,13,67,0,4,3,6,1,0,6,1,0,3,14,5,1,0,0,3,9,2,0,4,1,0,8,1,12,47,5,6,5,1,1,0,31,32,2,7,4,0,3,25,171,22,35,34,0,9,0,3,18,6,1,0,2,15,0,11,43,128,72,61,74,2,0,1,0,0,2020-03-25,53.30729550478998,1357,108118
5,16,0,2,0,25,1,1,0,7,9,0,161,15,2,1,6,14,2,2,0,0,1,8,8,11,28,0,0,0,7,20,4,13,79,2,7,4,6,2,0,3,0,3,5,13,0,2,0,1,3,17,2,0,7,3,1,12,4,24,42,5,2,6,3,1,0,22,42,5,16,7,1,0,24,177,16,34,46,0,15,3,1,23,6,2,0,3,22,0,4,72,140,87,78,92,0,0,1,0,0,2020-03-26,54.00829610721123,1567,109685
5,8,0,4,0,9,2,4,0,12,9,0,191,5,0,1,5,11,0,4,0,0,2,9,2,16,23,0,0,0,8,13,5,24,52,0,16,9,3,1,1,0,0,2,2,19,1,0,0,0,6,22,5,0,16,1,0,37,2,10,34,0,3,6,2,5,0,25,45,2,10,8,0,2,13,187,9,51,58,0,10,5,2,18,16,0,0,5,19,1,3,77,139,110,74,69,0,0,0,0,1,2020-03-27,53.56021437578815,1586,111271
2,2,0,0,0,3,0,2,0,2,1,0,20,0,0,0,0,12,0,1,0,0,2,0,3,0,0,0,0,0,2,5,2,3,20,0,6,1,1,0,0,0,1,0,2,7,0,0,0,0,0,7,0,0,0,0,0,0,4,7,4,4,4,3,4,0,1,6,16,0,10,0,0,0,5,95,0,13,16,0,9,1,2,2,1,0,0,0,6,1,0,50,30,65,20,36,1,0,0,0,0,2020-03-28,53.84034416826004,523,111794
0,0,0,0,0,0,0,0,0,0,0,0,3,0,2,0,0,5,0,0,0,0,0,0,0,0,0,1,0,0,0,2,0,0,3,0,0,0,0,0,0,0,1,0,0,0,0,0,0,0,0,0,0,0,0,0,0,0,0,0,11,0,0,1,0,0,0,0,12,0,0,0,0,0,0,49,0,8,4,0,0,0,0,0,2,0,0,0,0,0,0,45,24,23,13,19,0,0,0,0,0,2020-03-29,56.37719298245614,228,112022
9,27,0,4,0,33,8,5,1,14,17,0,216,11,1,2,5,8,0,6,0,1,2,3,4,12,28,0,0,0,12,23,6,28,58,0,10,9,5,2,4,0,1,0,5,26,1,2,0,1,10,14,3,0,8,1,0,17,5,13,78,3,14,11,12,8,0,44,58,9,6,12,0,3,34,182,22,72,44,2,14,2,2,23,13,0,0,3,31,0,4,81,138,119,81,102,1,1,0,0,0,2020-03-30,54.96989528795812,1910,113932
10,34,0,3,0,25,3,5,1,18,11,0,133,6,0,2,11,21,1,2,0,0,1,14,2,13,19,0,0,0,11,10,4,23,49,2,19,5,8,5,1,3,0,1,3,23,0,1,0,1,4,23,0,1,15,4,0,45,5,11,67,2,16,8,10,8,2,31,90,8,7,8,0,3,41,188,18,49,52,0,16,2,3,22,12,0,0,3,22,3,7,66,147,92,94,79,1,1,0,0,0,2020-03-31,55.46256983240224,1790,115722
4,22,0,5,0,15,1,2,0,12,9,0,105,6,0,0,3,11,0,8,0,0,2,10,9,13,27,0,0,0,18,8,4,19,66,0,13,4,3,3,3,0,1,6,5,23,1,1,0,0,2,19,1,0,11,2,0,27,4,11,51,0,15,11,9,4,2,20,84,7,3,9,0,0,22,121,17,73,48,0,13,0,2,16,14,1,1,0,28,0,8,41,115,98,69,43,1,1,0,0,0,2020-04-01,55.1831514324693,1466,117188
4,22,0,2,1,7,1,2,0,24,10,1,114,6,2,0,5,12,1,6,0,1,0,7,2,10,28,0,0,0,19,8,6,21,41,0,18,3,1,6,3,2,1,0,1,19,2,0,0,0,2,17,3,0,4,6,1,50,10,8,75,1,16,10,2,6,0,17,59,17,7,10,0,0,19,138,15,64,46,0,24,1,3,20,4,1,2,3,29,0,6,54,131,133,86,57,2,0,0,0,0,2020-04-02,55.119455006337134,1578,118766
9,23,0,1,0,5,2,5,1,14,7,0,81,10,0,2,5,4,1,9,0,0,3,6,7,27,31,1,0,0,17,4,3,21,41,1,14,2,2,4,1,3,1,0,2,19,2,1,1,0,5,25,3,0,10,7,0,47,7,30,74,2,20,13,2,8,3,21,45,14,10,12,0,4,14,166,24,78,40,0,26,3,0,25,7,0,2,1,20,4,6,98,124,127,98,46,1,0,0,0,0,2020-04-03,56.34714714714715,1665,120431
1,1,0,0,0,1,0,0,0,0,0,0,19,0,1,0,0,2,0,0,0,0,0,1,0,1,1,0,0,0,2,0,1,3,15,0,0,0,0,0,0,0,0,0,0,4,0,0,0,0,0,6,0,0,0,0,0,0,1,4,24,0,2,7,0,3,0,3,3,1,1,0,0,0,2,80,1,21,3,0,6,0,1,0,0,0,0,0,3,0,0,28,35,32,17,6,2,0,0,0,0,2020-04-04,55.15652173913043,345,120776
0,0,0,0,0,0,0,0,0,0,0,0,4,0,0,0,0,0,0,0,0,0,0,0,0,1,0,0,0,0,0,0,0,0,4,0,0,0,0,0,0,0,0,0,0,0,0,0,0,0,0,0,0,0,0,0,0,0,0,0,3,0,0,0,0,1,0,0,1,0,0,0,0,0,0,18,1,3,2,0,3,0,0,0,0,0,0,1,1,0,0,3,30,17,18,9,0,0,0,0,0,2020-04-05,61.61666666666667,120,120896
2,33,1,3,1,7,2,1,0,12,2,0,153,6,0,3,10,6,2,7,0,1,1,13,7,20,46,1,0,0,5,12,3,18,47,0,21,5,4,12,2,0,1,1,2,18,3,0,0,1,6,11,0,0,2,0,0,12,3,13,44,4,20,10,5,10,1,23,34,36,10,26,0,4,15,123,26,57,31,0,23,1,2,26,6,0,1,1,31,0,5,59,96,96,87,47,0,0,0,0,0,2020-04-06,55.42276964047936,1502,122398
23,39,1,0,0,14,7,4,0,12,13,0,106,5,0,0,4,14,0,2,0,1,1,10,6,63,43,0,0,0,7,7,3,10,34,0,8,6,4,3,0,2,2,1,0,20,0,1,0,0,5,12,1,0,3,1,0,6,2,22,38,0,35,8,7,6,4,21,31,20,7,10,0,1,27,114,13,79,33,0,20,0,0,17,4,0,1,4,25,5,7,78,95,81,61,48,0,0,1,0,0,2020-04-07,59.413925822253326,1429,123827
11,21,1,0,0,4,4,3,0,28,12,0,166,4,0,4,1,31,3,2,0,1,0,13,0,27,33,0,0,0,6,6,5,12,20,0,15,5,4,1,1,1,0,0,0,21,1,1,0,0,4,16,1,1,9,6,0,90,8,32,69,4,20,10,3,8,2,19,67,12,8,14,0,4,14,125,13,84,50,1,20,2,21,32,8,0,0,2,17,1,9,101,102,73,95,45,0,0,1,0,0,2020-04-08,62.718214074512126,1691,125518
6,17,0,0,0,30,5,12,2,26,10,0,101,7,1,0,4,6,0,3,0,0,1,7,5,26,37,0,0,0,7,12,8,11,14,0,21,3,2,2,0,1,0,1,0,19,0,1,0,0,7,18,1,0,16,3,0,74,35,28,60,1,27,8,2,6,3,12,33,3,6,18,0,1,8,171,23,96,34,1,19,0,3,13,3,0,0,2,10,2,4,103,95,108,90,32,0,0,0,0,0,2020-04-09,65.90705734089477,1587,127105
10,15,0,2,0,10,0,0,0,26,15,0,155,2,0,2,3,14,1,2,0,0,0,11,0,37,113,0,0,0,34,12,4,12,23,0,8,2,12,36,0,2,1,1,0,15,0,0,0,0,8,14,2,1,16,6,0,0,4,19,63,3,31,10,6,2,2,0,4,13,12,12,0,2,43,187,32,133,72,0,15,6,0,9,31,0,2,5,11,0,5,177,112,123,101,53,0,0,0,0,0,2020-04-10,65.77426050856253,1927,129032
7,1,0,0,0,0,0,2,0,6,4,0,23,1,0,0,0,1,0,0,0,0,0,0,1,2,0,0,0,0,1,1,0,0,3,0,10,1,0,0,0,0,0,1,0,0,0,0,0,0,0,0,0,0,1,0,0,0,3,3,9,0,7,7,1,1,0,0,5,1,0,0,0,0,2,28,1,22,2,0,5,0,0,1,0,0,0,2,1,2,0,14,13,24,9,13,0,0,0,0,0,2020-04-11,58.19834710743802,242,129274
0,0,0,0,0,0,0,1,0,0,0,0,1,13,1,0,0,0,0,0,0,0,0,0,0,0,0,0,0,0,0,0,0,0,1,0,0,1,0,0,0,0,0,0,0,0,0,0,0,0,0,0,0,0,0,0,0,0,1,0,2,0,0,1,0,1,0,0,0,0,0,1,0,0,0,16,1,4,0,0,3,0,0,1,0,0,0,0,0,0,0,5,2,7,5,3,0,0,0,0,0,2020-04-12,55.978873239436616,71,129345
68,0,0,0,0,1,0,0,0,0,0,0,9,0,2,0,1,0,0,0,0,0,0,0,0,0,1,0,0,0,1,2,0,0,5,0,0,0,0,0,0,0,0,0,0,0,0,0,0,0,0,2,0,0,0,0,0,1,0,0,0,0,0,2,0,0,0,0,0,2,0,6,0,0,0,35,1,5,3,0,0,0,0,0,0,0,0,0,0,0,0,17,4,7,6,25,0,0,0,0,0,2020-04-13,67.74029126213593,206,129551
19,14,0,4,0,1,7,5,0,20,4,0,127,4,0,0,42,17,0,5,0,1,0,12,7,36,9,0,0,0,10,2,6,14,16,0,15,1,3,1,0,0,1,1,0,0,0,2,0,0,16,8,3,0,7,3,0,52,12,20,32,5,28,10,0,40,0,37,67,11,23,13,1,0,30,79,9,72,41,0,18,4,3,17,5,0,1,2,12,3,2,61,92,79,56,41,1,0,0,0,0,2020-04-14,63.832981715893105,1422,130973
12,17,0,2,0,0,4,1,0,21,0,0,112,3,1,0,2,10,0,1,0,0,0,7,3,31,19,0,0,0,10,5,12,7,14,0,13,4,3,2,1,0,9,6,0,1,1,0,0,0,8,15,0,1,2,0,0,7,8,17,41,3,21,18,1,10,1,25,18,6,24,11,0,0,7,115,12,99,52,0,23,1,0,11,7,0,0,0,9,4,2,40,82,77,62,34,0,0,0,0,0,2020-04-15,62.461092715231786,1208,132181
33,11,0,5,0,10,5,3,0,7,0,0,59,6,1,1,6,6,0,1,0,0,0,5,2,23,16,0,0,0,4,5,6,5,27,0,8,0,1,6,0,0,1,5,0,1,1,0,0,1,6,42,0,0,4,7,1,50,4,11,18,1,23,2,15,7,0,27,14,9,1,7,0,0,9,92,20,66,15,0,12,1,2,10,10,0,0,1,8,2,1,92,77,68,40,36,0,0,0,0,0,2020-04-16,64.74584103512015,1082,133263
7,8,0,3,1,5,10,2,0,8,1,0,56,0,3,0,5,4,0,1,0,0,0,13,3,28,9,0,0,0,5,4,3,2,33,0,18,1,2,4,0,0,0,1,0,3,0,0,0,0,3,8,0,1,11,1,0,25,4,13,11,2,16,0,5,9,2,27,16,5,10,7,0,0,4,79,3,95,49,1,9,0,0,12,4,0,1,2,3,4,1,58,43,82,58,30,0,1,0,1,0,2020-04-17,63.54118873826903,959,134222
4,1,0,0,0,0,0,5,0,0,0,0,12,1,4,0,0,0,0,0,0,0,0,1,0,5,0,0,0,0,1,0,0,0,8,0,1,0,0,2,0,0,0,0,0,0,0,0,0,0,0,0,0,0,0,0,0,0,0,0,5,0,2,6,18,1,0,0,0,0,2,0,0,0,1,50,2,9,3,0,2,0,0,2,0,0,0,0,0,0,0,3,9,8,8,8,0,0,0,0,0,2020-04-18,64.2663043478261,184,134406
0,0,0,0,0,0,0,0,0,0,0,0,0,0,0,0,0,1,1,0,0,0,0,0,0,2,0,0,0,0,0,0,0,0,3,0,0,0,0,0,0,0,0,0,0,0,0,0,0,0,0,0,0,0,0,0,0,0,0,0,1,0,1,0,0,0,0,0,0,0,0,2,0,0,0,4,0,4,0,0,0,0,0,0,0,0,0,0,0,0,0,1,1,5,0,6,0,0,0,0,0,2020-04-19,55.5625,32,134438
14,12,0,0,1,1,4,4,0,9,3,1,55,1,1,0,2,9,1,1,1,0,0,2,0,19,11,0,0,0,8,13,7,1,8,0,6,0,0,13,0,0,0,0,0,0,0,0,0,1,0,7,2,0,0,7,0,5,3,7,19,1,25,4,1,7,1,4,3,5,4,8,0,3,8,41,10,31,11,0,18,1,0,4,2,0,0,1,0,3,2,83,22,56,17,23,0,0,0,0,0,2020-04-20,62.7370820668693,658,135096
5,15,0,2,0,5,0,4,0,10,3,0,34,0,2,0,2,7,0,1,0,0,0,9,0,8,7,1,0,0,5,1,4,9,21,0,17,0,0,5,0,0,0,1,0,2,0,0,0,0,0,4,1,2,4,3,0,25,7,16,11,1,17,2,18,1,3,9,8,10,5,3,0,0,5,35,7,38,18,0,14,1,1,5,0,0,0,6,0,1,3,59,21,82,38,28,0,0,0,0,0,2020-04-21,63.315751445086704,692,135788
12,7,0,1,0,1,0,0,0,6,1,0,47,1,1,0,2,6,0,1,0,0,0,0,0,16,0,1,0,0,9,1,1,2,15,1,15,0,0,3,1,0,6,2,0,0,0,0,0,2,0,0,1,1,3,2,0,9,2,6,30,8,10,4,14,1,2,1,7,3,0,6,0,0,6,58,2,16,48,0,7,1,1,5,1,0,1,1,0,0,5,75,17,37,32,14,0,0,0,0,0,2020-04-22,63.72157190635451,598,136386
13,13,0,0,0,2,2,1,0,5,2,1,32,0,2,0,5,1,0,3,0,0,0,0,5,12,6,0,0,0,1,6,4,1,23,1,34,4,1,4,0,0,10,1,0,2,0,0,0,0,2,0,0,0,3,2,0,6,1,8,16,5,10,1,2,2,0,5,1,18,2,5,0,1,33,35,6,47,21,0,12,1,2,7,3,0,1,2,0,1,0,35,17,25,40,9,1,0,0,0,0,2020-04-23,63.0025641025641,585,136971
5,4,0,1,0,0,0,2,0,3,1,0,30,0,0,0,3,3,0,5,0,0,1,2,2,6,3,0,0,0,9,6,0,0,16,0,8,1,1,1,0,1,0,3,0,4,0,0,0,0,0,2,0,0,2,0,0,9,0,17,13,7,9,4,0,1,0,4,6,4,2,6,0,0,4,32,4,42,30,0,6,2,1,0,0,0,2,0,1,0,1,49,23,24,29,14,0,0,0,0,0,2020-04-24,59.71231422505308,471,137442
1,0,0,0,0,0,0,0,0,0,0,0,6,0,0,0,0,1,0,0,0,0,0,0,0,1,1,0,0,0,1,2,0,0,4,0,1,0,0,0,0,0,0,1,0,0,0,0,0,0,0,1,0,0,0,0,0,0,0,0,5,0,2,2,0,0,0,0,2,0,1,0,0,0,0,16,2,1,2,0,0,0,0,1,0,0,0,1,0,0,0,1,1,5,2,2,0,0,0,0,0,2020-04-25,55.86363636363637,66,137508
0,0,0,0,0,0,0,0,0,0,0,0,0,0,1,0,0,0,0,0,0,0,0,0,0,0,0,0,0,0,0,1,0,0,3,0,0,0,0,0,0,0,0,0,0,0,0,0,0,0,0,0,0,0,0,0,0,0,0,0,2,0,0,1,0,0,0,0,0,0,0,0,0,0,0,1,0,2,0,0,0,0,1,0,0,0,0,0,0,0,0,1,0,0,0,0,0,0,0,0,0,2020-04-26,68.8076923076923,13,137521
2,6,0,1,0,0,1,0,0,0,1,0,34,0,0,0,3,1,0,0,0,0,0,2,1,10,3,0,0,0,1,3,5,0,4,0,3,4,1,1,0,0,0,0,0,0,0,0,0,0,1,0,0,2,0,0,0,1,1,20,16,1,14,0,1,1,1,9,1,13,3,0,0,0,6,12,3,11,7,0,9,0,0,3,1,0,0,1,0,1,0,12,21,7,13,12,0,0,0,0,0,2020-04-27,55.75773195876289,291,137812
4,5,0,2,0,0,4,2,0,6,2,0,22,0,0,0,0,0,0,2,0,0,0,6,1,9,6,0,0,0,1,3,3,0,3,0,8,1,0,1,0,0,1,0,0,0,0,1,1,0,0,1,0,0,0,0,0,2,0,7,9,0,20,1,1,6,0,2,3,3,0,0,0,0,18,33,3,15,10,0,36,0,2,1,0,1,0,0,0,1,0,36,3,8,15,5,0,0,0,0,0,2020-04-28,60.111607142857146,336,138148
2,7,0,1,0,1,1,0,0,4,1,0,26,0,0,0,5,6,1,0,0,1,0,0,1,10,4,0,0,0,15,1,8,1,15,0,2,2,0,1,1,1,1,0,0,0,0,0,0,0,0,0,1,0,1,0,0,8,2,15,16,1,39,0,3,1,2,2,16,4,15,0,0,0,3,16,5,6,7,0,3,1,0,5,2,0,0,0,0,0,0,36,9,8,11,4,1,0,0,0,0,2020-04-29,63.91160220994475,362,138510
0,2,1,3,0,0,0,2,0,5,2,0,21,1,1,0,1,3,0,0,0,1,0,3,0,3,2,0,0,0,1,5,5,0,5,0,1,4,0,1,0,0,0,0,0,1,0,0,0,1,1,1,0,0,0,0,0,0,7,5,19,5,10,0,0,2,0,7,0,0,0,2,0,0,0,43,1,9,2,0,7,0,0,1,0,0,2,1,1,0,0,24,8,11,15,6,0,0,0,0,0,2020-04-30,57.343396226415095,265,138775
0,0,0,0,0,0,0,0,0,0,0,0,0,0,1,0,0,0,0,0,0,0,0,0,0,0,0,0,0,0,0,0,0,0,0,0,0,0,0,0,0,0,0,0,0,0,0,0,0,0,0,0,0,0,0,0,0,0,0,0,0,0,0,0,0,0,0,0,0,0,0,0,0,0,0,0,0,0,0,0,0,0,0,0,0,0,0,0,0,0,0,0,0,0,1,2,0,0,0,0,0,2020-05-01,56.5,4,138779
0,0,0,0,0,0,0,0,0,0,0,0,3,0,0,0,0,0,0,0,0,0,0,1,0,1,0,0,0,0,0,1,0,0,4,0,0,0,0,1,0,0,0,0,0,2,0,0,0,0,0,0,0,0,0,0,0,0,0,0,3,1,0,0,0,0,0,0,0,0,0,0,0,0,0,16,0,2,1,0,0,0,1,0,2,0,0,0,0,0,0,0,3,3,1,3,0,0,0,0,0,2020-05-02,50.97959183673469,49,138828
0,0,0,0,0,0,0,0,0,0,0,0,0,0,0,0,0,0,0,0,0,0,0,0,0,0,0,0,0,0,0,0,0,0,5,0,0,0,0,0,0,0,0,0,0,0,0,0,0,0,0,0,0,0,0,0,0,0,0,0,0,0,0,1,0,0,0,0,0,0,0,0,0,0,0,2,0,0,1,0,0,0,0,0,0,0,0,0,0,0,0,1,1,0,0,0,0,0,0,0,0,2020-05-03,62.68181818181818,11,138839
0,1,0,1,0,0,2,5,0,0,2,0,18,0,6,0,1,9,1,2,0,0,0,0,1,5,9,0,0,0,4,8,2,1,25,0,2,1,0,0,0,0,0,0,0,0,0,0,0,0,1,1,0,0,0,1,0,0,1,12,24,3,10,0,0,1,1,6,1,7,4,0,0,0,4,41,4,11,7,0,7,0,1,4,1,0,0,0,1,1,0,16,6,7,2,6,1,0,0,0,0,2020-05-04,59.04013377926422,299,139138
3,1,1,0,0,0,0,2,0,2,0,0,51,0,0,0,0,5,0,0,0,0,0,1,4,4,7,0,0,0,17,3,3,1,14,0,3,1,0,10,0,0,0,0,0,1,0,1,1,0,1,0,0,1,1,0,0,0,0,9,25,1,3,1,2,0,0,5,0,1,0,0,0,0,6,8,1,8,8,0,11,0,0,12,1,0,0,5,7,0,0,6,3,4,4,8,0,0,0,0,0,2020-05-05,64.2931654676259,278,139416
2,6,0,2,0,1,0,2,0,1,1,0,21,1,0,0,1,3,0,1,0,0,0,2,0,3,0,0,0,0,8,3,0,2,7,0,1,2,0,5,0,2,1,0,0,0,0,0,0,0,0,0,0,2,0,0,0,0,0,7,15,1,13,1,1,0,0,1,0,0,3,1,0,0,2,28,2,6,3,0,5,0,0,4,3,0,0,0,2,0,0,7,0,5,10,6,0,0,0,0,0,2020-05-06,56.262135922330096,206,139622
0,4,0,0,0,0,0,0,0,1,0,0,11,0,1,0,0,1,0,0,0,1,0,0,0,1,1,0,0,0,3,7,6,1,13,0,0,2,0,2,0,0,1,0,0,2,0,0,0,0,0,0,0,0,0,0,0,0,0,10,9,1,5,10,0,0,0,0,0,0,3,5,0,0,0,11,1,2,4,0,4,0,0,5,0,0,2,0,1,0,0,14,4,3,8,5,0,1,0,0,0,2020-05-07,63.66867469879518,166,139788
0,0,0,0,0,0,0,0,0,0,0,0,2,0,1,0,0,0,0,0,0,0,0,0,0,1,0,0,0,0,0,0,0,0,3,0,0,4,0,0,0,0,0,0,0,0,0,0,0,0,0,0,0,0,0,0,0,0,0,0,0,0,0,0,0,0,0,0,0,0,0,0,0,0,0,0,0,0,0,0,0,0,0,1,0,0,0,0,0,0,0,1,2,0,0,0,0,0,0,0,0,2020-05-08,65.36666666666666,15,139803
0,0,0,0,0,0,0,0,0,0,0,0,1,0,0,0,0,0,0,0,0,0,0,0,0,2,0,0,0,0,0,3,0,0,5,0,0,0,0,0,0,0,1,0,0,0,0,0,0,0,0,0,0,0,0,0,0,0,0,2,0,0,0,0,0,0,0,0,0,0,0,0,0,0,0,3,0,2,3,0,1,0,0,0,0,0,0,0,0,0,0,0,1,2,1,2,0,0,0,0,0,2020-05-09,45.43103448275862,29,139832
0,0,0,0,0,0,0,0,0,0,0,0,0,0,1,0,0,0,0,0,0,0,0,0,0,0,0,0,0,0,0,5,0,0,3,0,0,0,0,0,0,0,0,0,0,0,0,0,0,0,0,0,0,0,0,0,0,0,0,0,1,0,0,0,0,0,0,0,0,0,0,0,0,0,0,0,0,0,0,0,0,0,0,0,0,0,0,0,0,0,0,1,0,6,0,0,0,0,0,0,0,2020-05-10,61.6764705882353,17,139849
4,0,0,2,0,0,0,0,0,2,1,0,14,0,1,0,5,1,0,0,0,0,0,1,0,4,17,0,0,0,5,11,1,0,9,0,3,0,0,0,0,4,0,0,0,0,0,1,0,0,0,0,0,0,0,1,0,0,3,5,6,0,1,0,17,0,0,0,2,0,1,0,0,0,0,4,6,7,6,0,7,0,1,2,2,0,0,0,0,6,2,10,13,4,11,6,1,0,0,0,0,2020-05-11,63.357142857142854,210,140059
4,6,0,1,0,0,0,6,0,4,0,0,14,0,0,0,1,2,0,0,0,0,0,0,0,3,0,0,0,0,3,2,1,2,7,1,0,0,0,0,0,0,0,0,0,0,0,0,0,0,0,0,0,0,0,0,0,0,0,4,15,0,2,3,11,0,0,0,0,0,0,1,0,0,0,6,2,8,5,0,2,0,0,2,1,0,0,0,0,0,0,15,12,7,6,9,0,0,0,0,0,2020-05-12,63.345238095238095,168,140227
