01,02,03,04,05,06,07,08,09,10,11,12,13,14,15,16,17,18,19,21,22,23,24,25,26,27,28,29,2A,2B,30,31,32,33,34,35,36,37,38,39,40,41,42,43,44,45,46,47,48,49,50,51,52,53,54,55,56,57,58,59,60,61,62,63,64,65,66,67,68,69,70,71,72,73,74,75,76,77,78,79,80,81,82,83,84,85,86,87,88,89,90,91,92,93,94,95,971,972,973,974,975,976,977,978
9,14,0,1,0,19,4,6,1,3,13,2,62,3,0,1,2,2,3,4,3,1,1,6,2,8,4,2,4,2,0,18,2,4,11,5,1,7,5,0,0,2,4,0,6,14,1,0,0,6,4,14,2,2,23,15,0,36,0,36,4,6,11,3,2,2,0,30,14,19,1,4,2,2,8,38,15,27,32,11,10,6,0,1,2,6,12,1,9,4,0,30,21,80,30,25,0,4,0,1,0,9,0,0
9,14,2,2,7,24,4,2,0,0,33,14,49,6,2,2,0,1,1,7,6,1,2,5,9,4,7,1,2,1,18,9,3,5,7,8,1,5,12,0,2,2,15,1,6,17,1,1,0,11,1,11,1,2,9,8,2,34,0,39,17,5,13,3,0,2,0,22,16,41,5,14,3,1,4,55,8,28,20,3,10,1,0,6,4,3,6,0,6,0,1,45,43,63,36,33,0,4,0,1,0,9,0,0
5,11,2,1,0,20,5,5,1,5,1,11,47,3,0,2,1,5,1,7,13,0,0,6,7,3,7,2,1,0,15,27,0,5,5,64,5,8,5,6,0,4,7,0,11,24,7,1,0,5,0,10,0,3,19,20,2,45,28,30,25,7,9,5,13,9,0,26,15,27,2,9,7,4,12,46,9,19,32,3,8,0,1,3,2,11,4,0,2,4,1,28,63,31,33,19,0,0,0,1,0,12,0,0
0,7,2,0,0,2,0,1,0,0,0,1,13,1,0,0,0,0,0,4,5,0,0,7,2,0,1,2,0,1,2,3,2,0,1,9,1,1,2,0,0,1,1,1,1,31,0,1,0,6,1,2,1,1,1,4,1,5,1,15,5,0,0,1,0,0,0,9,16,12,0,3,4,2,2,17,4,11,15,4,3,0,1,0,0,5,2,1,0,8,0,0,4,6,7,3,0,1,0,1,0,0,0,0
0,2,1,0,0,2,0,0,0,0,0,0,3,5,0,0,0,0,1,0,2,0,0,1,0,1,0,0,0,0,1,2,2,1,1,1,0,2,1,1,0,1,0,0,1,14,0,0,0,0,0,0,0,0,3,0,0,2,0,2,4,0,2,0,0,0,0,0,1,8,0,3,1,1,2,5,2,4,4,0,0,0,0,0,1,3,0,0,0,3,0,6,14,6,4,9,0,0,0,3,0,0,0,0
11,6,1,0,2,48,2,2,0,4,9,3,60,2,3,5,4,2,1,10,15,2,1,5,6,6,6,0,0,2,13,9,21,6,15,6,1,11,6,0,3,5,3,1,12,26,4,2,0,18,0,10,2,1,32,14,3,57,1,51,12,4,22,1,4,1,0,25,13,31,1,15,10,5,2,34,16,50,29,9,8,1,9,4,4,8,14,1,6,2,7,26,42,45,39,56,0,2,3,0,0,2,0,0
9,8,4,0,5,12,1,3,0,3,3,2,32,3,0,3,1,2,2,13,44,1,3,7,2,5,5,1,3,1,20,6,9,5,13,1,2,9,10,1,4,0,2,1,13,27,0,1,1,19,1,10,3,0,19,7,6,42,0,76,15,6,17,0,3,0,0,31,18,32,1,4,7,2,10,45,5,15,44,28,14,1,0,8,2,3,24,2,4,8,4,33,42,40,47,42,0,0,0,1,0,0,0,0
11,14,4,2,2,5,1,6,0,10,7,0,46,0,0,8,2,5,1,5,28,3,1,5,2,3,6,2,1,2,9,6,3,6,21,5,0,16,8,2,0,6,3,2,9,20,0,0,0,31,0,7,1,2,36,19,2,65,2,65,12,6,21,1,1,0,0,13,31,25,1,7,6,2,1,42,4,22,42,13,6,2,2,2,4,16,26,0,6,5,3,13,50,46,36,40,1,4,0,3,0,2,0,0
1,2,0,0,0,2,0,0,0,0,0,0,7,0,0,0,0,0,0,0,18,1,0,1,0,0,0,2,0,0,0,1,0,0,0,6,0,1,0,2,0,1,4,0,5,9,0,0,0,7,0,0,0,1,7,0,2,5,0,16,3,3,1,4,0,0,0,2,6,3,0,0,0,3,0,9,2,11,0,0,0,0,0,0,0,5,0,0,2,2,0,3,3,4,5,6,2,0,0,0,0,0,0,0
7,8,17,1,0,4,1,3,0,0,4,0,33,1,2,7,1,1,1,13,14,1,1,5,3,4,1,4,0,0,5,6,0,3,8,3,0,5,5,7,0,2,4,2,9,10,0,2,0,10,1,10,1,1,16,1,6,21,0,98,11,5,17,1,1,0,0,21,10,24,1,7,11,5,2,34,5,15,14,6,9,0,0,4,0,7,33,0,7,2,0,20,27,28,28,29,3,0,12,2,0,1,0,1
2,2,1,1,0,3,2,1,0,1,0,0,8,3,0,1,0,1,3,0,8,2,1,1,0,1,0,0,2,0,5,0,1,2,0,3,0,2,2,0,0,0,0,0,1,4,0,0,3,3,0,2,0,1,3,0,0,4,2,32,2,1,3,1,0,0,0,4,4,12,0,3,1,0,2,7,1,10,10,1,4,0,1,0,0,3,10,0,2,5,1,1,5,3,7,9,0,0,9,2,0,3,0,0
0,1,0,0,0,1,0,0,0,0,1,0,1,0,0,0,0,0,0,1,3,0,0,1,0,3,0,1,0,0,3,1,1,0,1,0,0,2,1,0,0,2,0,0,2,5,0,0,0,2,0,0,0,0,1,0,3,1,0,6,0,0,4,0,0,0,0,1,4,1,0,0,1,0,0,6,1,5,5,0,1,0,0,2,0,3,0,0,0,3,1,1,0,4,3,5,1,0,5,1,0,8,0,0
3,16,4,0,0,13,1,3,0,3,2,2,24,1,0,1,2,1,3,4,8,4,1,2,1,6,3,2,1,0,9,3,1,5,3,3,1,3,6,3,0,3,4,2,9,20,0,1,0,6,0,5,2,0,12,2,8,19,1,71,11,1,8,0,3,0,0,27,13,17,0,12,5,3,2,23,3,29,33,6,4,1,1,2,2,4,2,1,5,0,0,16,21,24,41,37,1,1,13,2,0,6,0,0
2,8,1,0,1,13,2,1,0,8,0,2,26,2,0,5,1,1,0,3,12,6,0,3,1,2,3,1,1,0,7,0,2,2,0,2,0,3,8,0,1,2,4,1,12,15,2,1,0,13,1,14,0,2,14,4,3,13,1,71,11,5,17,3,3,3,0,16,19,19,0,2,4,0,1,40,2,29,30,15,9,1,1,0,2,5,8,1,2,2,0,13,36,36,32,37,1,1,12,2,0,28,0,0
4,4,0,0,1,12,2,1,0,1,0,0,22,1,1,0,1,1,1,5,8,3,0,4,2,3,5,1,0,0,10,10,6,7,1,9,0,2,5,0,0,0,4,1,30,8,0,0,0,5,0,5,1,0,11,3,3,15,0,73,2,2,8,0,4,3,0,11,10,22,1,1,10,2,3,41,2,24,26,11,17,0,2,1,4,11,13,2,1,1,3,22,38,39,21,32,0,0,19,2,0,16,0,0
1,11,2,2,0,5,2,2,0,2,0,1,35,1,0,0,1,0,0,3,5,2,1,2,3,2,4,3,3,0,3,3,4,3,2,2,0,5,6,0,1,0,1,1,18,35,0,0,0,7,0,2,0,0,8,1,8,15,1,30,7,1,5,1,8,0,0,19,15,23,2,1,5,3,0,35,2,12,17,4,2,0,0,5,1,11,4,0,5,0,4,15,21,19,28,28,1,1,4,5,0,50,0,0
6,1,2,0,0,3,6,0,0,4,1,0,12,2,0,0,0,1,1,2,4,1,0,1,0,1,7,0,1,0,11,4,9,3,0,0,1,2,4,0,1,0,1,1,27,17,0,1,0,4,1,12,1,2,7,6,2,18,0,64,7,2,10,1,1,1,0,15,11,6,1,1,3,3,3,26,3,11,32,0,3,0,1,3,0,5,4,2,5,0,2,11,14,25,26,22,0,1,3,1,0,28,0,1
2,3,0,0,0,1,4,0,0,1,0,0,9,1,0,0,0,1,0,2,4,0,1,5,0,0,0,0,0,0,3,0,0,3,8,2,1,1,2,0,0,0,3,0,6,2,0,1,0,3,0,1,1,1,4,1,1,6,1,26,0,0,3,1,3,0,0,2,7,7,1,1,5,2,1,11,1,13,11,4,4,0,0,1,0,8,2,0,0,1,1,7,5,6,9,8,0,0,4,1,0,96,0,0
1,0,0,0,0,0,1,0,0,0,0,0,21,1,0,0,0,0,0,0,2,0,0,2,0,0,0,0,0,0,1,0,0,0,0,2,0,1,0,0,0,1,0,0,14,4,0,0,0,2,0,0,0,1,3,0,0,1,0,5,0,1,0,0,0,0,0,0,2,1,0,1,1,0,0,4,0,1,6,1,0,0,0,0,0,0,0,0,0,0,1,3,2,3,7,2,0,0,0,3,0,65,0,0
4,2,1,0,0,0,0,0,0,0,0,0,6,1,0,0,0,0,0,0,0,1,0,1,1,1,1,0,0,0,1,1,0,3,0,1,0,0,0,0,0,0,1,0,3,1,0,0,0,1,0,0,0,1,5,0,0,2,0,13,1,3,3,0,0,0,0,1,1,2,0,1,2,1,2,13,0,3,2,0,0,0,0,0,2,0,1,0,0,0,1,4,4,3,4,0,0,0,1,0,0,47,0,0
3,8,1,0,2,12,4,1,0,1,0,0,25,1,1,0,0,0,2,1,3,0,1,10,0,2,6,1,0,1,5,9,1,0,4,3,1,1,3,0,2,1,10,3,13,3,0,1,0,15,0,52,0,2,28,3,1,25,1,49,4,2,13,1,2,0,0,12,14,18,2,3,1,2,3,44,4,27,24,0,3,0,0,8,3,18,0,4,4,8,1,15,20,17,25,40,2,1,17,2,0,36,0,0
2,4,0,0,0,11,1,2,0,3,0,0,35,2,0,0,1,0,9,0,2,0,1,2,2,2,2,1,1,1,4,6,0,3,1,3,2,1,3,0,1,1,2,5,11,9,0,0,0,2,1,22,0,2,41,25,1,15,0,45,7,0,19,0,5,0,1,16,13,17,3,2,6,2,4,39,1,22,23,2,5,3,1,3,12,1,1,0,2,6,2,11,12,21,23,18,0,1,11,3,0,27,0,0
0,8,1,1,0,9,1,3,0,1,1,0,64,0,0,2,0,0,0,1,4,0,0,7,2,3,8,0,1,0,27,3,1,0,2,0,0,2,3,1,2,1,1,0,8,8,0,0,0,6,1,17,0,1,30,9,1,5,1,34,3,2,26,0,3,0,0,12,5,16,0,0,2,0,3,32,3,13,17,1,2,0,0,8,7,2,2,0,2,2,1,17,18,17,27,33,0,3,21,5,0,20,0,0
5,6,0,0,0,8,2,1,0,0,0,0,32,1,0,0,0,0,1,0,3,0,1,3,3,2,3,1,2,0,13,1,0,1,3,1,1,3,1,0,0,0,1,2,20,3,0,0,0,5,0,2,3,3,36,10,0,13,0,58,2,0,14,0,3,1,0,3,1,11,0,4,4,1,0,25,2,8,13,1,6,0,0,7,0,12,0,1,0,2,3,11,26,17,27,28,4,4,23,1,1,19,0,0
3,15,0,0,0,3,0,0,0,0,1,0,17,0,1,0,0,0,0,1,0,0,1,4,1,0,0,0,1,0,5,1,0,0,1,3,0,1,3,0,1,0,2,2,3,1,0,0,0,4,0,1,0,4,16,1,2,2,0,16,5,2,6,0,0,0,0,4,0,7,1,0,0,0,0,13,6,6,6,4,4,0,0,0,1,1,1,0,2,2,0,21,10,6,4,3,1,0,8,0,0,12,0,0
1,4,0,0,0,2,3,0,0,1,0,0,4,0,0,0,0,0,0,0,0,1,0,0,1,1,0,0,0,0,1,0,0,0,0,0,0,0,0,0,0,0,0,0,2,0,0,0,0,2,0,1,1,1,12,1,1,2,0,2,3,0,4,0,0,0,0,1,2,2,0,0,1,0,0,1,1,1,2,0,0,0,0,0,0,0,0,0,0,0,0,1,4,4,9,4,0,0,1,1,0,4,0,0
0,8,0,2,0,4,3,1,0,0,0,0,29,1,1,0,2,0,0,3,1,0,0,2,10,0,4,3,1,1,6,7,0,2,2,2,0,2,8,1,0,1,5,0,14,6,0,0,0,4,1,5,1,0,36,7,0,7,0,75,2,2,9,0,1,0,0,14,0,8,0,2,2,1,3,35,4,9,19,0,5,1,0,1,2,9,1,0,5,1,0,6,18,19,8,23,0,3,39,1,0,13,0,1
1,10,0,0,0,4,3,2,0,0,0,0,34,0,0,1,0,0,2,2,2,0,0,4,2,1,2,2,0,0,32,8,1,2,2,0,1,1,3,1,0,0,2,0,13,12,0,1,0,8,0,6,1,1,42,5,1,7,0,46,2,2,9,3,0,0,0,6,7,10,1,0,1,1,0,31,6,18,10,0,1,0,0,1,1,2,1,0,4,0,1,33,3,12,11,24,0,4,37,4,0,32,0,0
1,6,1,0,0,7,4,2,0,1,1,0,28,2,0,0,0,1,3,0,3,0,1,10,3,1,5,0,0,1,27,7,1,3,8,2,0,0,7,1,3,0,3,2,9,3,0,2,0,11,0,3,2,1,29,5,0,9,2,49,2,0,10,1,0,1,0,12,7,8,1,2,4,2,1,31,4,9,18,1,2,0,0,2,2,2,1,0,0,1,1,9,13,30,10,25,1,1,18,1,0,24,0,0
8,5,2,0,1,4,9,1,0,1,1,0,54,0,1,0,1,0,0,2,0,1,0,1,2,0,5,0,0,3,34,9,2,8,1,0,0,0,6,1,0,1,13,1,3,7,0,0,0,6,2,11,2,1,21,4,0,6,0,44,0,1,15,1,0,1,0,4,5,7,2,0,2,0,1,15,9,13,6,2,0,0,0,1,1,2,0,0,3,1,1,12,9,20,12,16,0,2,41,0,0,28,0,0
4,10,3,0,0,2,6,2,0,0,0,0,24,0,0,1,1,1,0,5,0,0,0,6,2,1,0,2,0,0,29,14,0,0,2,1,0,4,2,0,0,1,3,0,11,3,0,1,0,11,1,9,2,1,21,10,0,8,0,21,2,1,4,0,0,0,0,3,2,18,1,1,0,2,1,34,11,5,19,3,0,0,0,1,12,1,1,2,3,0,2,8,8,37,26,18,3,1,82,4,0,19,0,0
0,1,1,0,0,0,0,0,0,1,0,0,4,1,0,0,0,0,0,0,0,0,1,1,2,1,3,0,0,0,1,3,0,3,0,0,0,1,1,0,0,0,0,0,2,2,0,1,0,7,0,0,0,0,4,0,0,2,0,9,1,0,3,0,0,0,0,2,3,3,0,0,0,0,0,9,11,5,8,2,1,0,0,3,2,0,0,0,1,0,0,0,5,2,3,3,0,5,45,1,0,14,0,0
1,0,0,0,0,1,1,0,0,0,0,0,3,0,0,0,0,0,0,0,1,0,0,1,0,0,1,0,0,0,0,0,0,0,1,0,0,0,2,0,1,0,1,0,1,1,0,0,0,0,0,0,0,0,1,0,0,0,0,9,0,1,1,0,0,0,0,0,2,5,0,1,0,0,0,4,6,1,3,0,2,0,0,0,0,0,0,0,1,0,1,2,2,2,2,1,0,1,19,0,0,2,0,0
0,6,0,0,0,1,8,3,0,0,1,0,33,1,0,0,0,1,0,5,2,0,0,2,1,0,2,0,1,0,3,4,0,1,5,1,0,1,2,0,1,2,1,0,8,7,0,0,0,6,3,7,0,1,15,3,0,3,0,38,3,0,11,0,0,0,0,7,7,19,0,1,0,0,2,18,19,8,20,0,7,1,0,2,2,3,0,0,3,0,1,12,8,19,14,18,1,2,70,3,0,24,1,0
3,5,3,1,0,1,5,1,0,2,0,1,17,2,0,1,0,0,0,3,1,0,0,0,1,5,1,0,2,0,4,5,0,1,2,0,0,3,2,3,0,0,1,1,7,3,0,0,0,7,0,2,2,0,27,5,4,10,0,32,3,4,9,0,0,1,0,3,9,8,0,1,1,3,2,24,8,8,16,0,4,0,0,6,2,8,0,0,2,2,0,19,17,16,14,12,1,1,97,1,0,23,0,0
5,10,1,0,0,2,4,9,0,1,1,0,16,1,1,0,0,0,0,1,2,0,0,5,0,0,0,0,0,1,2,8,0,3,3,0,0,2,3,2,1,2,5,0,5,7,0,0,0,4,0,2,0,2,22,1,4,3,0,27,0,3,11,0,0,1,0,10,9,18,1,0,1,0,4,33,29,13,20,0,2,0,0,1,5,1,0,0,1,0,0,5,13,18,14,39,0,1,262,5,0,24,0,0
4,2,1,0,0,0,7,6,0,1,2,0,19,1,0,0,0,0,0,5,1,0,0,1,6,1,0,1,0,0,15,2,0,8,1,1,0,1,1,0,0,0,6,0,10,7,0,0,0,5,0,1,1,0,12,2,0,6,0,25,4,5,4,2,2,0,0,3,4,5,0,1,1,2,2,33,17,4,16,3,0,1,0,1,3,0,1,0,1,0,1,6,14,25,23,25,1,2,186,0,0,8,0,0
3,0,0,0,0,5,3,0,0,1,2,1,7,0,0,0,0,1,0,1,2,0,1,4,1,2,2,0,0,0,10,22,0,7,2,1,0,1,6,0,0,3,5,0,3,13,0,0,0,6,0,1,3,1,27,5,1,3,1,30,5,4,9,2,1,0,0,5,3,18,1,2,6,1,1,22,13,8,20,4,3,0,0,4,3,5,3,0,6,0,4,4,19,20,27,26,3,2,164,0,0,26,0,0
3,1,0,0,0,0,0,1,0,0,0,0,1,2,1,0,0,1,1,0,0,0,0,1,2,0,1,0,0,0,0,1,0,4,0,0,1,0,1,0,0,0,0,0,3,8,0,0,0,1,0,0,0,1,5,1,0,5,0,20,1,2,2,1,0,0,0,2,4,15,0,0,8,0,5,5,16,3,4,1,1,0,0,2,0,2,0,0,0,1,0,2,5,3,8,10,2,0,111,1,0,6,0,0
0,0,0,0,0,0,0,0,0,0,0,0,4,0,0,0,0,0,0,0,1,0,0,0,1,1,0,0,0,0,1,2,0,2,0,0,0,0,0,0,0,0,1,0,1,1,0,0,0,0,0,1,0,0,1,0,0,2,1,4,1,0,0,0,0,0,0,2,1,0,0,1,0,0,0,1,3,2,2,0,0,0,0,1,0,0,0,0,0,0,0,3,4,2,8,2,0,0,15,0,0,5,0,0
5,8,0,0,0,2,1,2,0,0,0,1,6,1,0,0,0,2,0,2,0,0,1,2,3,0,1,1,1,0,7,15,0,4,1,0,0,1,2,2,0,1,3,0,2,2,0,0,0,4,1,2,2,1,3,3,4,8,0,27,5,0,7,0,0,0,0,4,10,13,0,0,5,1,4,25,24,12,25,3,1,0,1,0,2,3,0,0,3,1,0,15,16,23,23,16,1,2,159,0,0,25,0,1
10,5,0,0,0,1,0,1,0,0,0,0,13,5,0,0,1,1,0,4,1,0,0,1,1,1,1,1,0,1,10,7,1,4,2,0,3,0,3,2,2,0,2,0,6,7,0,0,0,3,3,1,1,2,9,0,3,6,0,42,5,2,13,0,1,0,0,1,7,12,0,0,0,2,3,19,14,14,18,3,1,0,0,1,1,4,1,0,1,2,0,9,10,24,21,18,1,2,241,2,0,31,0,0
2,0,1,1,0,3,2,0,1,1,0,1,11,1,0,0,0,1,0,3,2,0,0,5,3,2,0,0,1,0,4,9,1,5,5,2,0,0,2,0,0,1,4,0,9,3,0,0,0,2,0,0,0,0,7,0,0,8,0,29,4,0,7,1,0,0,0,3,12,30,0,1,2,0,2,29,18,5,18,1,1,1,1,1,3,3,0,1,2,2,0,15,19,26,11,8,0,1,267,8,0,27,0,1
5,5,0,0,0,3,1,1,0,0,0,0,7,0,0,1,1,0,0,0,1,0,0,3,4,3,1,0,0,0,2,7,0,0,2,3,0,0,0,1,0,0,2,1,5,4,0,0,0,2,0,0,1,2,10,1,3,1,0,29,7,2,7,0,0,0,0,4,8,19,0,1,2,1,1,24,18,5,17,0,3,1,0,1,0,0,0,0,0,2,1,7,8,30,18,15,1,3,174,2,0,12,0,0
8,1,2,0,0,4,2,3,0,0,0,2,12,0,0,0,0,6,1,2,2,0,1,2,4,4,3,1,1,0,12,8,0,2,7,0,1,2,4,1,5,0,4,0,4,6,0,1,0,7,0,0,0,4,6,0,3,8,1,35,3,3,19,0,1,1,0,4,5,19,0,1,1,0,5,21,10,13,20,1,1,0,2,3,0,0,2,0,2,0,0,12,22,22,18,20,0,2,143,3,0,10,1,0
6,1,0,0,0,0,1,0,0,0,0,1,8,1,0,0,0,0,0,0,0,0,0,1,2,0,0,0,0,0,1,1,0,2,2,1,0,4,0,0,0,0,3,0,1,2,0,1,0,2,0,1,0,8,4,0,1,3,0,10,5,0,4,4,0,0,0,0,3,11,0,4,2,1,0,3,9,9,1,0,0,0,0,0,0,0,0,0,0,3,0,7,10,8,6,2,0,0,159,0,0,16,0,0
0,0,0,0,0,0,1,0,0,0,0,1,1,0,0,0,0,0,0,0,0,0,0,0,0,1,0,0,0,0,0,2,0,0,2,0,0,1,0,2,0,0,3,0,0,3,0,1,0,0,0,1,0,3,1,0,1,0,0,6,0,0,0,1,2,0,0,1,3,3,0,1,0,0,1,7,10,3,4,0,1,0,0,0,0,0,1,0,0,4,0,0,2,2,3,0,0,0,128,1,0,7,0,0
6,4,2,0,1,2,0,0,0,0,1,0,27,2,0,0,0,1,0,1,1,0,1,4,1,1,1,0,1,0,7,15,0,5,3,0,0,2,2,2,0,0,2,1,3,12,0,0,0,3,2,0,1,35,3,1,2,2,3,36,1,1,8,5,0,0,0,4,6,17,0,3,5,2,2,19,18,13,12,0,0,0,1,4,4,2,0,0,3,0,0,20,22,23,16,16,0,1,210,3,0,28,0,0
7,3,0,0,0,4,1,1,0,0,0,0,11,1,0,0,0,1,0,4,0,1,0,6,0,2,4,5,0,0,15,6,1,5,1,1,0,0,4,0,0,3,2,0,5,4,0,1,0,8,3,1,1,32,2,1,1,2,0,33,1,2,6,4,0,2,0,4,7,15,0,5,2,2,2,25,23,10,16,1,0,1,0,2,1,1,2,0,5,0,0,10,21,25,12,25,2,2,248,3,0,22,0,0
3,2,2,0,0,2,1,0,0,0,1,0,6,3,0,1,0,1,1,2,0,0,0,5,0,1,4,0,2,0,6,10,0,7,5,1,0,0,0,2,12,0,3,0,2,8,0,0,0,3,0,0,0,17,7,0,2,8,8,38,3,1,9,0,1,0,2,3,7,18,0,1,12,2,2,18,16,12,7,0,0,0,0,2,6,0,0,0,1,2,0,11,24,24,15,15,2,1,206,2,0,17,0,0
0,5,1,0,0,2,0,0,0,0,0,0,15,2,0,0,0,1,2,0,1,0,0,2,1,4,11,0,1,0,2,12,0,5,3,1,0,3,4,1,4,0,1,1,2,2,0,0,0,1,0,1,0,22,6,1,1,5,1,42,2,0,12,1,0,1,0,5,4,28,0,3,3,1,1,32,14,6,19,0,3,0,1,1,3,0,1,0,2,1,0,10,10,26,16,13,1,1,184,2,0,8,0,0
3,3,0,0,0,2,1,1,0,1,0,0,23,1,0,1,0,0,2,1,0,0,0,1,1,3,3,7,0,0,10,8,0,3,3,1,0,0,2,1,0,0,3,0,5,4,0,0,0,2,0,1,1,13,5,0,0,6,0,33,7,4,14,2,5,0,0,4,7,18,0,2,5,6,1,37,16,9,14,0,2,0,0,1,6,5,0,0,1,0,1,58,21,23,18,16,1,1,242,9,0,14,0,0
1,3,1,0,0,2,0,3,0,0,0,0,9,2,0,0,0,1,0,0,0,0,0,0,0,0,1,1,0,0,0,1,0,2,4,1,0,0,3,1,0,0,1,1,2,0,0,0,0,1,0,3,0,14,5,1,0,4,7,13,0,1,4,0,0,0,0,0,3,3,0,0,1,1,1,16,10,5,9,0,1,0,0,0,1,2,1,4,0,0,0,2,4,15,6,4,0,1,157,2,0,4,0,0
0,0,0,0,0,0,0,1,0,0,0,0,1,0,0,0,0,0,0,0,0,0,0,0,0,0,0,0,0,0,0,0,0,0,2,0,0,0,1,1,1,0,0,0,1,2,0,0,0,1,0,0,0,2,0,0,0,0,0,1,0,0,0,0,0,0,1,0,2,2,1,0,0,0,0,2,5,2,2,1,0,0,0,0,0,1,0,0,0,1,0,1,5,9,1,0,0,0,51,2,0,0,0,0
2,4,0,0,0,3,1,0,0,1,1,1,21,2,1,0,0,2,0,1,1,0,3,4,4,4,20,2,1,0,4,4,0,3,2,0,0,3,3,0,0,0,4,0,2,4,0,0,0,6,0,2,0,11,6,2,2,2,1,56,4,0,7,0,1,1,0,6,6,11,0,3,4,1,4,39,8,14,20,2,3,0,0,1,9,2,4,0,1,0,0,10,26,41,16,16,1,3,198,0,0,8,0,0
5,4,0,0,0,3,2,0,0,2,0,1,19,7,0,0,2,0,0,3,0,0,1,3,2,2,2,1,0,0,1,6,0,4,5,2,0,1,1,1,2,0,4,0,4,4,0,0,0,5,0,3,0,9,2,1,0,4,0,34,5,3,5,1,0,0,1,4,1,16,1,3,6,3,2,23,18,7,14,0,1,1,0,2,6,1,4,0,4,2,1,13,20,24,17,23,1,0,170,3,0,5,0,0
3,3,1,0,0,1,5,0,1,0,0,0,43,3,0,0,1,0,0,3,0,0,0,5,6,0,2,9,0,2,7,4,0,20,11,3,0,1,9,2,3,0,5,0,5,4,0,4,0,7,0,1,1,28,3,0,1,5,2,29,6,3,2,0,3,1,1,3,7,29,0,4,3,1,2,36,9,5,24,0,1,0,0,1,4,1,4,0,7,0,1,10,22,24,23,15,0,0,171,12,0,15,0,0
3,5,1,0,0,12,1,1,0,0,0,0,56,3,0,0,0,1,0,7,3,0,0,6,8,2,2,3,0,1,7,15,0,7,4,4,0,0,5,1,2,0,5,0,11,4,0,1,0,1,0,2,1,22,6,0,2,4,3,45,8,2,7,0,0,1,5,14,5,25,0,0,0,0,3,46,15,20,15,1,0,0,0,2,5,1,0,0,5,1,0,12,37,28,21,18,1,1,117,7,0,7,0,0
3,5,1,0,0,3,9,0,0,3,0,0,23,3,0,1,0,1,1,1,7,0,4,2,11,1,2,31,1,0,4,7,0,9,9,10,0,4,10,6,2,0,5,0,15,2,0,4,0,2,1,3,1,54,8,0,1,1,0,38,7,0,4,0,0,1,3,7,7,37,0,3,1,0,2,51,8,6,15,0,0,0,0,5,5,4,1,0,1,2,0,19,21,43,20,16,1,1,217,4,0,10,0,0
0,2,0,0,0,2,3,0,1,0,0,0,9,1,0,0,0,1,0,3,0,0,0,2,8,1,0,5,1,0,0,2,0,2,4,7,0,0,3,0,0,0,1,0,7,0,0,0,0,6,0,0,0,37,5,0,0,0,0,32,3,1,2,0,1,0,0,1,1,8,0,0,1,0,1,12,5,6,15,1,2,0,0,4,3,1,0,0,0,5,1,4,8,7,8,13,2,0,63,19,0,2,0,0
1,1,0,0,0,0,0,0,0,0,0,0,3,0,0,0,0,0,0,0,0,0,0,4,0,1,0,0,0,0,1,2,0,0,0,2,0,1,1,0,0,1,0,0,5,0,0,0,0,0,0,0,0,10,1,0,1,3,0,4,3,0,0,0,0,0,0,1,0,3,1,0,0,0,1,5,4,0,2,0,0,0,0,0,0,0,1,0,0,1,0,2,1,3,0,1,2,0,29,0,0,4,0,0
0,4,1,0,1,7,3,3,0,2,0,0,41,5,1,0,0,0,1,1,7,0,1,6,19,0,1,34,4,2,1,8,0,13,8,13,0,4,14,3,0,0,3,0,28,1,0,0,0,27,0,2,1,24,13,0,1,11,1,41,6,0,8,1,0,2,0,1,8,27,0,3,4,2,2,71,14,9,19,0,0,3,0,5,1,1,1,0,14,0,0,15,27,41,30,23,2,3,133,7,0,18,0,0
0,0,0,0,0,2,0,0,0,0,0,0,8,2,0,0,0,1,0,1,0,0,0,1,0,0,0,0,2,2,1,2,0,2,0,0,0,0,0,0,0,0,0,0,5,0,0,0,0,0,0,2,0,9,2,1,0,0,0,5,4,0,1,0,1,0,0,1,1,4,0,0,0,0,1,5,5,2,3,0,0,0,0,1,1,0,1,0,0,1,1,3,7,5,4,4,0,0,70,1,0,2,0,0
3,0,3,1,0,8,2,0,0,0,0,0,36,4,0,0,1,0,0,3,23,0,1,2,13,0,0,52,0,3,2,11,0,15,8,12,1,0,11,0,9,0,6,0,17,2,0,0,0,8,0,2,0,35,10,0,4,8,2,46,6,2,13,1,1,0,1,2,23,12,1,2,1,0,5,48,4,12,19,2,2,0,1,2,7,1,0,0,20,3,0,24,38,27,27,41,2,3,80,11,0,31,1,0
0,2,3,2,0,5,6,0,0,3,0,0,22,12,0,2,0,0,1,2,10,0,0,1,4,0,1,40,0,2,6,19,0,17,9,5,0,3,6,1,1,0,10,0,13,4,0,1,0,2,2,3,0,43,13,2,0,9,1,68,7,3,12,0,1,1,3,7,24,23,0,2,2,0,9,58,9,16,32,2,2,0,2,1,5,1,2,3,27,2,2,22,38,44,33,37,1,2,155,2,0,14,0,0
6,3,1,0,0,16,2,0,0,0,1,0,19,7,0,2,0,1,0,5,2,0,0,3,7,7,0,13,1,1,7,13,2,26,5,8,0,6,6,7,5,0,4,1,31,6,0,1,0,11,0,2,4,53,13,1,4,17,2,54,3,3,16,0,1,2,0,3,40,30,0,1,7,1,7,54,5,18,31,6,2,5,3,6,2,5,2,2,6,2,1,26,33,39,31,47,3,0,91,7,0,15,1,0
4,1,0,0,0,5,0,0,0,3,0,0,15,3,0,0,1,0,0,1,0,0,0,2,3,0,0,2,1,0,2,5,0,10,7,6,0,3,4,2,0,0,3,0,7,1,0,0,0,7,1,1,0,43,6,0,1,8,0,32,4,0,10,1,1,0,0,6,3,9,0,0,6,1,7,24,0,7,23,2,0,2,2,0,5,0,2,1,7,0,0,8,9,23,13,14,1,0,50,6,0,3,0,0
0,0,0,0,0,2,0,0,0,0,0,0,5,0,0,0,0,0,0,0,0,0,0,0,0,0,0,0,0,0,1,1,0,6,0,1,0,1,1,4,0,0,0,0,8,1,0,0,0,1,0,0,0,15,1,0,0,0,1,5,0,0,1,0,0,0,0,1,1,5,0,0,0,2,1,8,3,1,9,0,0,0,0,1,0,0,0,0,0,0,0,1,2,6,3,0,0,0,80,2,0,5,0,0
3,2,0,0,0,16,3,1,0,3,1,0,38,11,0,1,0,0,0,4,3,0,2,9,3,1,1,3,0,0,5,27,3,14,14,16,0,8,13,3,0,2,6,1,34,6,1,0,0,7,1,6,0,69,13,1,4,4,0,61,5,1,12,0,0,2,1,16,13,15,0,0,10,9,22,66,4,11,26,1,2,2,2,5,5,5,0,1,11,2,2,48,53,42,20,53,0,2,101,6,0,15,0,0
10,4,1,1,0,12,2,1,1,0,1,0,37,7,0,3,1,0,1,0,1,0,0,4,7,1,3,2,0,1,18,20,3,12,13,13,0,3,10,2,1,3,5,2,9,6,0,0,0,2,1,7,1,104,11,0,1,13,0,98,4,2,7,0,4,0,3,4,18,31,2,1,8,1,16,51,7,25,28,1,0,1,3,23,6,4,3,0,8,2,0,39,48,61,42,38,1,1,106,2,0,22,0,0
5,7,5,1,0,13,0,1,0,1,3,1,47,6,0,2,0,3,1,3,5,0,0,3,5,1,7,6,0,1,16,26,0,28,6,31,1,12,9,0,1,2,11,0,9,7,0,1,0,16,1,10,0,81,12,0,0,12,0,90,5,1,15,0,4,1,5,3,5,26,0,2,5,3,24,66,6,24,47,2,2,1,2,4,8,2,2,2,12,0,0,32,39,47,45,53,1,2,116,6,0,14,0,0
6,4,4,2,0,16,6,3,0,0,1,0,34,6,0,2,1,1,0,7,2,0,1,5,5,3,2,7,0,0,10,50,0,25,10,22,0,13,11,4,1,4,11,1,33,10,1,1,0,10,1,3,2,79,14,0,0,7,1,62,7,0,7,1,0,4,1,11,13,21,0,1,14,2,24,60,15,27,19,0,1,2,5,2,7,6,1,0,3,5,0,31,52,56,36,49,5,0,97,11,0,17,0,0
21,4,1,0,0,49,0,0,1,0,1,2,40,1,0,2,1,0,0,3,4,0,2,6,0,2,8,5,0,0,23,26,0,32,9,40,0,14,8,6,0,1,17,0,19,14,2,3,0,6,3,4,1,79,22,2,7,17,0,84,13,0,9,6,4,2,0,13,7,56,3,1,19,5,21,76,9,19,31,1,1,2,8,6,11,3,0,3,7,3,0,32,40,39,44,43,6,2,105,1,0,14,0,0
2,2,4,0,1,9,0,0,0,0,0,1,20,4,0,0,0,0,0,3,4,0,1,2,3,0,3,1,1,0,7,10,0,10,8,27,0,7,2,1,0,3,16,1,9,3,0,0,0,2,0,8,0,34,10,0,17,5,1,56,6,0,4,0,0,1,10,3,6,23,0,2,0,0,17,31,4,25,16,1,4,0,1,3,1,4,0,0,2,1,0,12,16,24,18,14,1,0,64,1,0,1,0,0
2,0,0,0,0,8,0,0,0,0,0,1,6,1,0,0,2,0,0,0,0,0,0,1,0,0,1,1,0,0,0,3,0,4,1,6,0,2,4,1,0,0,6,0,1,1,0,0,0,0,1,2,0,8,0,0,3,0,1,6,0,0,1,0,0,0,0,1,1,24,0,1,2,1,4,17,6,1,7,0,0,0,0,1,0,0,0,0,1,3,0,2,8,10,8,8,0,1,74,0,0,3,0,0
13,5,4,1,0,20,3,0,0,5,2,2,77,5,0,0,3,0,0,8,3,0,0,6,7,3,1,7,0,1,14,22,1,16,17,34,3,8,21,3,2,2,16,1,14,20,0,2,0,21,1,5,2,29,22,2,10,10,0,106,10,1,16,0,3,2,4,12,18,27,1,6,12,1,38,96,6,40,39,0,4,0,3,19,9,3,4,2,4,4,0,50,68,89,64,43,23,1,72,4,0,13,0,1
10,4,0,6,0,16,1,1,0,3,0,1,64,5,0,1,0,0,1,4,4,0,2,4,5,3,7,9,0,1,9,34,5,12,21,50,1,11,9,0,1,3,10,0,24,14,0,0,0,10,2,6,0,34,27,1,8,8,1,88,6,1,8,3,1,2,1,10,8,19,0,1,19,5,41,115,8,30,40,0,3,4,6,13,8,2,1,4,6,2,0,48,58,72,71,50,20,2,76,3,0,15,0,0
7,1,3,1,1,25,2,2,2,0,0,1,94,2,0,2,1,0,1,3,0,1,2,5,2,7,0,2,0,1,17,34,2,13,19,26,0,8,13,2,0,6,20,0,18,11,0,0,0,11,1,3,0,31,17,1,5,16,0,102,7,2,23,3,2,4,15,6,9,30,1,2,14,5,41,115,10,66,55,1,2,4,3,15,9,2,2,0,3,5,1,48,58,96,72,58,1,2,95,1,0,0,0,0
17,0,0,1,0,46,3,1,1,1,1,3,114,4,0,3,0,1,1,2,7,3,2,8,0,5,3,4,0,0,12,57,1,10,17,22,4,12,7,0,0,5,25,1,22,15,0,2,0,17,0,6,1,25,21,1,2,17,1,130,16,0,35,4,2,2,8,17,5,33,2,4,5,5,45,125,7,47,40,3,4,4,1,17,8,4,1,1,3,2,1,56,71,87,60,41,2,4,65,10,0,3,1,0
17,2,2,3,0,37,4,1,1,2,0,3,106,6,0,1,3,0,1,6,8,0,2,8,2,3,9,4,0,3,19,50,0,9,32,43,0,13,8,0,2,10,11,0,40,11,0,0,0,10,3,12,0,10,23,0,5,25,0,106,7,2,14,7,2,2,3,14,29,31,3,0,35,3,33,122,14,41,61,3,6,6,1,14,11,5,3,2,6,3,3,50,77,76,84,41,3,9,80,8,0,1,0,1
5,5,0,0,0,43,0,0,2,2,0,1,41,3,0,0,3,0,1,1,3,0,1,3,4,0,4,2,0,0,8,15,1,9,4,14,0,2,4,1,0,0,10,0,16,6,1,2,0,3,1,5,0,14,9,0,2,9,0,62,15,0,7,2,3,2,0,13,5,8,1,0,13,3,22,52,13,29,11,0,3,1,4,12,5,4,2,1,0,1,1,17,43,44,36,16,4,0,48,1,0,0,0,1
2,0,0,0,0,1,0,1,1,0,0,1,11,0,0,0,0,0,0,2,0,0,0,2,1,0,0,0,0,1,3,8,0,4,2,6,0,1,1,0,0,0,2,0,6,4,0,0,0,1,0,1,0,3,3,0,4,3,0,6,4,0,2,1,0,0,0,0,1,3,0,1,2,0,2,35,11,6,4,0,0,0,0,3,0,0,0,0,0,0,0,12,18,12,13,8,1,0,15,1,0,0,0,0
9,14,5,2,1,51,4,0,2,4,1,2,182,2,1,0,9,1,1,9,12,1,2,8,0,7,10,17,2,1,14,67,1,20,34,39,0,11,21,1,1,4,12,0,28,14,0,5,1,12,2,9,2,16,24,1,10,15,2,141,18,1,26,13,0,2,4,31,16,33,5,1,20,11,36,188,15,44,90,1,7,6,2,40,20,6,2,0,3,4,1,65,82,87,73,55,7,11,56,6,0,1,1,2
14,4,1,1,2,56,0,5,0,5,4,2,167,3,0,1,3,2,1,5,1,0,2,1,1,4,7,14,2,4,22,75,0,13,15,50,1,6,21,1,0,2,13,1,30,21,2,4,0,18,8,10,3,12,25,2,9,18,0,101,17,0,19,7,10,2,1,9,8,40,4,1,36,7,41,175,16,41,99,3,8,8,1,43,11,4,1,1,2,4,1,75,95,100,65,80,4,28,91,3,0,2,0,1
10,3,0,2,2,60,2,0,2,3,4,3,158,6,1,0,4,2,2,12,14,1,1,3,4,9,8,19,1,1,21,60,2,18,25,39,1,2,12,2,2,5,14,0,26,10,0,3,0,12,0,10,2,13,22,0,12,18,1,104,10,2,18,13,5,4,4,13,7,49,2,4,49,12,31,194,17,52,65,2,8,13,1,40,20,0,1,1,2,6,3,57,93,89,88,52,3,10,47,3,0,6,1,4
15,1,1,3,2,47,1,3,1,9,3,0,169,1,0,1,1,1,5,7,9,2,1,10,4,6,14,9,4,0,23,102,0,31,30,21,6,10,9,1,5,1,14,1,44,33,1,0,0,14,0,10,0,17,41,1,8,40,1,114,18,2,21,6,14,3,3,13,19,33,3,0,20,9,30,224,15,33,55,1,4,5,3,39,14,4,4,2,2,8,0,66,104,111,65,61,16,8,56,9,0,4,0,1
9,5,1,8,1,53,7,0,0,1,1,1,157,4,2,0,4,3,0,2,6,1,1,4,2,4,4,11,1,0,14,65,0,23,47,18,2,11,26,6,4,2,4,0,33,25,2,4,0,17,2,3,2,11,20,1,24,23,1,103,16,4,18,4,12,4,5,11,10,57,7,3,28,2,33,212,22,56,61,3,1,0,2,28,20,8,2,2,2,2,3,67,83,99,96,53,3,6,59,11,0,3,1,1
